Level,King,Queen
1,Novice,Novice
2,Hobbyist,Hobbyist
5,Squire,Maiden
10,Suit Sequencer,Suit Sequencer
15,Card Shark,Card Shark
20,Daily Challenger,Daily Challenger
25,Tableau Maestro,Tableau Maestra
30,Ace-tronaut,Ace-tronaut
35,Journeyman,Journeyman
40,Klondiker,Klondiker
45,Doctor Deckenstein,Doctor Deckenstein
50,Knight,Dame
55,Stack Explorer,Stack Explorer
60,Cardoholic,Cardoholic
65,Advanced,Advanced
70,Royal Retiree,Royal Retiree
75,Baron,Baroness
80,Deck Maker,Deck Maker
85,Tailor of Suits,Tailor of Suits
90,Card Connoisseur,Card Connoisseur
95,Expert,Expert
100,Duke,Duchess
105,Stat Smasher,Stat Smasher
110,Dubious Dealer,Dubious Dealer
115,Heart Breaker,Heart Breaker
120,Professional,Professional
125,Maestro,Maestra
130,Fast Fingers,Fast Fingers
135,Ace Avenger,Ace Avenger
140,Deck Master,Deck Master
145,Professor,Professor
150,Count,Countess
155,Specialist,Specialist
160,Triumphant,Triumphant
165,Time Master,Time Master
170,Club Conqueror,Club Conqueror
175,Sir Shuffles,Madame Shuffles
180,Four Decker,Four Decker
185,Master,Master
190,Jumping Joker,Jumping Joker
195,Point Breaker,Point Breaker
200,Prince,Princess
205,Shuffle Master,Shuffle Mistress
210,Ace Wrangler,Ace Wrangler
215,Card Captivator,Card Captivator
220,Hot Hands,Hot Hands
225,Marquess,Marchioness
230,Record Breaker,Record Breaker
235,Royal Advisor,Royal Advisor
240,Deck Deaker,Deck Deaker
245,Card Spotter,Card Spotter
250,Archduke,Archduchess
255,Super Stacker,Super Stacker
260,"CEO, Card Executive Officer","CEO, Card Executive Officer"
265,The Ace,The Ace
270,Overachiever,Overachiever
275,King,Queen
280,Card Sleuth,Card Sleuth
285,Passion Player,Passion Player
290,Top Tapper,Top Tapper
295,Experienced,Experienced
300,Lord of the Deck,Lady of the Deck
305,Suit Savant,Suit Savant
310,Deck Diviner,Deck Diviner
315,Opportunist,Opportunist
320,Court Jester,Court Jester
325,Master of Cards,Mistress of Cards
330,Flying Ace,Flying Ace
335,Card Charmer,Card Charmer
340,Overlord,Overlord
345,Strategic Shuffler,Strategic Shuffler
350,Grand Duke,Grand Duchess
355,Ace Achiever,Ace Achiever
360,Charismatic Card Collector,Charismatic Card Collector
365,Unstoppable,Unstoppable
370,Suiting Star,Suiting Star
375,Associate Emperor,Associate Empress
380,Card Hero,Card Hero
385,Decked Out,Decked Out
390,Masterful Mover,Masterful Mover
395,Analyst,Analyst
400,Champion,Champion
405,Deck Buster,Deck Buster
410,Ace Detective,Ace Detective
415,Mastermind,Mastermind
420,Fifty Two Finisher,Fifty Two Finisher
425,Card Czar,Card Czarina
430,Extraordinary,Extraordinary
435,Deck Manipulator,Deck Manipulator
440,Tableau Trickster,Tableau Trickster
445,Joker,Joker
450,Emperor,Empress
455,Card Whisperer,Card Whisperer
460,The Randomizer,The Randomizer
465,Mathematician,Mathematician
470,Hypnotic Helper,Hypnotic Helper
475,Sultan of Spades,Sultana of Spades
480,Advisor of Suits,Advisor of Suits
485,Foundation Perfectionist,Foundation Perfectionist
490,Speedy Solver,Speedy Solver
495,Power Player,Power Player
500,Wild Card,Wild Card
505,Dealer of the Decade,Dealer of the Decade
510,Tableau Titan,Tableau Titan
515,Methodical,Methodical
520,Speed Demon,Speed Demon
525,Prince of Solitaire,Princess of Solitaire
530,The Thinker,The Thinker
535,Supreme,Supreme
540,Foundation Filler,Foundation Filler
545,Deal-liteful,Deal-liteful
550,Grand Emperor,Grand Empress
555,Cardsharknado,Cardsharknado
560,Super Strategist,Super Strategist
565,Deal Breaker,Deal Breaker
570,The Game Changer,The Game Changer
575,Count of Cards,Countess of Cards
580,Platinum Player,Platinum Player
585,Goal Breaker,Goal Breaker
590,Foundationalist,Foundationalist
595,Card Casanova,Card Casanova
600,Lord of Levels,Lady of Levels
605,Suit Stacker,Suit Stacker
610,Ace-cadet,Ace-cadet
615,Prestigious,Prestigious
620,Card Commander,Card Commander
625,Duke of Deals,Duchess of Deals
630,Well Suited,Well Suited
635,Top Dog,Top Dog
640,Club Captain,Club Captain
645,Brainbender,Brainbender
650,King of Cards,Queen of Cards
655,Zen Master,Zen Master
660,Virtuoso,Virtuoso
665,Ace Chaser,Ace Chaser
670,Super Solver,Super Solver
675,Sultan of the Suits,Sultan of the Suits
680,Heart Hero,Heart Hero
685,Excelsior,Excelsior
690,Card Aficionado,Card Aficionado
695,Ace Hunter,Ace Hunter
700,Duke of the Deck,Duchess of the Deck
705,Magic Hands,Magic Hands
710,Cardzilla,Cardzilla
715,Dealmeister,Dealmeister
720,Untouchable,Untouchable
725,King of Hearts,Queen of Hearts
730,The Tinkerer,The Tinkerer
735,Organizer,Organizer
740,Conservationist,Conservationist
745,Formidable Foe,Formidable Foe
750,King Kong,Queen Bee
755,Ace Angle,Ace Angle
760,Solution Master,Solution Master
765,Chairman of the Board,Chairman of the Board
770,Magnificent,Magnificent
775,Knight of Numbers,Dame of Numbers
780,Allstar,Allstar
785,Deck Ninja,Deck Ninja
790,The Victorious,The Victorious
795,Cardiologist,Cardiologist
800,Foundation King,Foundation Queen
805,Extraordinaire,Extraordinaire
810,Deckhand,Deckhand
815,Challenger,Challenger
820,PhDealer,PhDealer
825,Tsar of the Cards,Tsarina of the Cards
830,Reward Hunter,Reward Hunter
835,Brainiac,Brainiac
840,Card Addict,Card Addict
845,Deckzilla,Deckzilla
850,Shuffle King,Shuffle Queen
855,Master Champion,Master Champion
860,Space Cardet,Space Cardet
865,Puzzle Solver,Puzzle Solver
870,Elite,Elite
875,King of Crowns,Queen of Crowns
880,Card Flipper,Card Flipper
885,Master Dealer,Master Dealer
890,Solitarity,Solitarity
895,Foundation Finder,Foundation Finder
900,Solitaire King,Solitaire Queen
905,Legendary,Legendary
910,Sequence Sorcerer,Sequence Sorcerer
915,Deck Diva,Deck Diva
920,The Arranger,The Arranger
925,Keeper of the Decks,Keeper of the Decks
930,Card Kangaroo,Card Kangaroo
935,Time Lord,Time Lord
940,Grand Champion,Grand Champion
945,Heart Throb,Heart Throb
950,Facecard Fanatic,Facecard Fanatic
955,Dedicated,Dedicated
960,Dynamite Dealer,Dynamite Dealer
965,Superstar,Superstar
970,Professional Player,Professional Player
975,Visionary,Visionary
980,Architect,Architect
985,The VIP,The VIP
990,Grand Master,Grand Master
995,Lucky Leveler,Lucky Leveler
1000,Solitaire Legend,Solitaire Legend
